c7223aea-7bb9-4b29-b59d-a054d7bfa02c	https://www.liysf.org.uk/liysf/experience-liysf	200	https://www.liysf.org.uk/liysf/experience-liysf	148938	0
a4451907-20af-43d3-8498-25a3829254c1	https://www.acibadem.edu.tr/merkezler/asegem/egitim-programlari/akademik-gelisim-programlari/lise-yaz-bilim-kampi	200	https://www.acibadem.edu.tr/merkezler/asegem/egitim-programlari/akademik-gelisim-programlari/lise-yaz-bilim-kampi	795097	0
900b0a32-298f-4956-b933-3211e25b438b	https://www.acibadem.edu.tr/sites/default/files/document/2026/lybk-takvimi-2026-v1.pdf	200	https://www.acibadem.edu.tr/sites/default/files/document/2026/lybk-takvimi-2026-v1.pdf	327936	0
43c0c707-3447-4863-8d0d-64c7354c113f	https://aggiestem.tamu.edu/	200	https://aggiestem.tamu.edu/	157089	0
3f7170ba-9486-40b0-b450-42462471e88d	https://www.cmu.edu/pre-college/academic-programs/ai_scholars.html	200	https://www.cmu.edu/pre-college/academic-programs/ai_scholars.html	83982	0
1259aa77-0b5e-4c55-a384-51dbd47de3ec	https://inf.ethz.ch/news-and-events/spotlights/infk-news-channel/2025/08/young-minds-tackle-ai-and-entrepreneurship.html	200	https://inf.ethz.ch/news-and-events/spotlights/infk-news-channel/2025/08/young-minds-tackle-ai-and-entrepreneurship.html	66529	0
4b4881e4-1444-4363-a668-62d00a09759c	https://www.legion.org/get-involved/youth-programs/boys-state-boys-nation	200	https://www.legion.org/get-involved/youth-programs/boys-state-boys-nation	76893	0
c4e113c2-6e64-40d0-8251-0031ca86c64a	https://www.american.edu/provost/registrar/academiccalendar/fall-2026.cfm	403	https://www.american.edu/provost/registrar/academiccalendar/fall-2026.cfm	5828	0
c14ee166-0d7a-4c6c-8b78-f92b501dccbb	https://www.andover.edu/summer	200	https://www.andover.edu/summer	342170	0
4fe18f68-5aac-46a1-b8a0-65a82ca4248d	https://www.depts.ttu.edu/clarkscholars/	200	https://www.depts.ttu.edu/clarkscholars/	25441	0
cfe42a66-3688-43aa-8e7e-61ffca68adb8	https://www.awesomemath.org/summer-program/overview/program-information/	200	https://www.awesomemath.org/summer-program/overview/program-information/	171588	0
de7ab9aa-74a5-43d1-b02f-2730b2aed80f	https://bau.edu.tr/haber/10546-bau-lise-yaz-okulu-basliyor	200	https://bau.edu.tr/haber/10546-bau-lise-yaz-okulu-basliyor	76825	0
309451b7-6985-449d-8546-d314a85d20fe	https://access.asu.edu/summer-programs/barrett-summer-scholars	200	https://access.asu.edu/summer-programs/barrett-summer-scholars	76782	0
9e601648-0d30-462e-b9f0-8d069392f29f	https://www.bentley.edu/precollege/student-experience	200	https://www.bentley.edu/precollege/student-experience	68966	0
d70e5392-9f0d-4191-8c8d-4921dbaa3651	https://www.joinprequel.com/	200	https://www.joinprequel.com/	238160	0
96557dbb-7c60-4097-9925-35cbd5ad9a57	https://liseyazkampi.bilkent.edu.tr/	200	https://liseyazkampi.bilkent.edu.tr/	46508	0
e6f4c6d8-3e1d-4762-a6be-dd299592ac0e	https://www.unibocconi.it/en/programs/summer-school/summer-school-bachelor-students	200	https://www.unibocconi.it/en/programs/summer-school/summer-school-bachelor-students	552724	0
0cbe26c6-c073-4ce5-9b9d-b928a3c0a7bc	https://www.unibocconi.it/en/programs/summer-school/summer-school-high-school-students	200	https://www.unibocconi.it/en/programs/summer-school/summer-school-high-school-students	577800	0
19248dee-8118-47ee-9f5b-866b0d754be8	https://buyem.bogazici.edu.tr/	200	https://buyem.bogazici.edu.tr/	248636	0
3900e10b-dc11-4d4d-ba69-7f9a630cf602	https://buyem.bogazici.edu.tr/course/boun101-lise-yaz-okulu	404	https://buyem.bogazici.edu.tr/course/boun101-lise-yaz-okulu	548	0
4b9f3125-d8a7-4623-8c61-f4714063d152	https://www.bu.edu/summer/high-school-programs/	200	https://www.bu.edu/summer/high-school-programs/	112188	0
c7c21f3f-fb33-4c6c-be76-66da4df0535d	https://www.bu.edu/cfa/tanglewood/	200	https://www.bu.edu/cfa/tanglewood/	161086	0
72b66f92-1356-4827-9139-530db7c52c74	https://branded-edu.com/	200	https://edconic.com:443/	31799	1
c2444f7f-e137-411d-9a14-c1ba8052e217	https://precollege.brown.edu/programs	200	https://precollege.brown.edu/programs	58492	0
9b6aefb3-a33e-45a1-af06-5a770a92c45a	https://ctlo.caltech.edu/outreach/summerprograms/summer-research-connection	200	https://ctlo.caltech.edu/outreach/summerprograms/summer-research-connection	193324	0
70519f22-f165-44cf-b954-a3ab864077e0	https://cambridgescholarsprogramme.com/	200	https://cambridgescholarsprogramme.com/	96811	0
a0571b4a-8d05-4fe1-bb6b-790b1fed786f	https://www.mathcamp.org/	200	https://www.mathcamp.org/	10856	0
b32fd331-055e-4a12-968e-0e369d1234af	https://www.cmu.edu/pre-college/academic-programs/sams.html	200	https://www.cmu.edu/pre-college/academic-programs/sams.html	92354	0
b4091e25-c8ca-4042-9976-ee41ae4031d5	https://www.cmu.edu/physics/people/faculty/documents/cv_oct24.pdf	200	https://www.cmu.edu/physics/people/faculty/documents/cv_oct24.pdf	188551	0
8ff9158a-476a-4f7a-ac5a-de4553dd4d28	https://case.precollegeprograms.org/	200	https://case.precollegeprograms.org/	115075	0
8a302e54-e237-49f7-9757-9b5262ae592b	https://cty.jhu.edu/cty-experience/courses	403	https://cty.jhu.edu/cty-experience/courses	5485	0
676bc788-9ce0-4bf8-873a-d5e897a24ccf	https://www.depts.ttu.edu/clarkscholars/ApplicationDetails.php	200	https://www.depts.ttu.edu/clarkscholars/ApplicationDetails.php	28243	0
40ef389f-b58f-447d-87b4-b7deb3effe2a	https://precollege.sps.columbia.edu/programs/summer-programs/college-edge-summer	200	https://precollege.sps.columbia.edu/programs/summer-programs/college-edge-summer	97796	0
41db7ecc-df55-4335-a85d-11eb2d3b3dc6	https://ces.mines.edu/youth-camps/	200	https://ces.mines.edu/youth-camps/	454674	0
f912de6d-7da6-4e21-811b-1da09b10c86c	https://precollege.sps.columbia.edu/programs/academic-year/academic-year-weekend	200	https://precollege.sps.columbia.edu/programs/academic-year/academic-year-weekend	94615	0
17d177de-6ca7-4754-ab15-3a9dd93f4893	https://precollege.sps.columbia.edu/admissions	200	https://precollege.sps.columbia.edu/admissions	87377	0
3779b871-652b-4d56-bbd7-b1c451686852	https://precollege.sps.columbia.edu/user/login?destination=/programs/summer-programs/columbia-writing-academy-summer	200	https://precollege.sps.columbia.edu/user/login?destination=/programs/summer-programs/columbia-writing-academy-summer	19700	0
2f3ba478-aa17-4090-bdd3-117ab2185e08	https://www.cbs.dk/en/study-programmes/summer-university	200	https://www.cbs.dk/en/study-programmes/summer-university	84621	0
eee7b96a-b38b-4944-a60c-69ae953c2ca0	https://www.coriell.org/	200	https://www.coriell.org/	93114	0
2f49c47a-2b28-48ca-af58-65948f4f234e	https://sce.cornell.edu/precollege/residential	200	https://sce.cornell.edu/pc-prog-residential/	119816	2
9caff85d-6976-422e-8fa1-6893eaefa54c	https://sce.cornell.edu/audience/precollege-studies/	200	https://sce.cornell.edu/audience/precollege-studies/	121484	0
d224a324-b3c0-4a5f-a361-3805efc20a14	https://cty.jhu.edu/summer/grades7-12/intensive/index.html	403	https://cty.jhu.edu/summer/grades7-12/intensive/index.html	5485	0
995daf25-80ab-4e9a-bcd7-2cd2b2d9d18a	https://www.colorado.edu/precollege/precollegiate-development-program	200	https://www.colorado.edu/precollege/precollegiate-development-program	31864	0
036f80e1-7ae5-46a9-8b68-6a890d50f8b8	https://academy.digipen.edu/academic-programs/pre-college-programs/	200	https://academy.digipen.edu/academic-programs/pre-college-programs/	202603	0
16b3d6ae-dfcf-4ac7-b1c8-4a038e552bec	https://precollege.usc.edu/usc-viterbi-pre-college-programs/	200	https://precollege.usc.edu/usc-viterbi-pre-college-programs/	145871	0
a5cf4328-7bc1-4ad7-9de5-8bc8b7df9220	https://www.dow.cam.ac.uk/	200	https://www.dow.cam.ac.uk/	48291	0
5a2f76ab-36ad-49ac-92a9-73ba1a09fb8d	https://provost.duke.edu/pre-college-programs/	200	https://provost.duke.edu/pre-college-programs/	436349	0
0ad4ccae-77db-450f-9768-064086e2fdd2	https://tip.duke.edu/resources/opportunity-guide	200	https://provost.duke.edu/pre-college-programs/	436349	2
5af50558-fcb5-4390-a8ff-5a6946e65862	https://www.durham.ac.uk/departments/academic/education/cpd/global-futures-summer-school/	200	https://www.durham.ac.uk/departments/academic/education/cpd/global-futures-summer-school/	136470	0
e9c4cd39-b514-4975-b010-1c627d7231c8	https://www.saic.edu/high-school-programs	200	https://www.saic.edu/high-school-programs	151812	0
7f8281b0-7fc5-4a06-a03c-7c3f37bbc972	https://continuingstudies.saic.edu/ecposi/overview	200	https://continuingstudies.saic.edu/ecposi/overview	58542	0
7aa517a3-64a4-4443-a2e9-14f2a46ba8a0	https://pisa.ucsc.edu/class_search/index.php?action=detail&class_data=YToyOntzOjU6IjpTVFJNIjtzOjQ6IjIyNjQiO3M6MTA6IjpDTEFTU19OQlIiO3M6NToiNzAyMzYiO30%253D	200	https://pisa.ucsc.edu/class_search/index.php?action=detail&class_data=YToyOntzOjU6IjpTVFJNIjtzOjQ6IjIyNjQiO3M6MTA6IjpDTEFTU19OQlIiO3M6NToiNzAyMzYiO30%253D	30330	0
dc762fce-b83a-4217-a610-290ac2f65f17	https://study.ed.ac.uk/summer-school	200	https://study.ed.ac.uk/summer-school	24512	0
adce9d5e-c138-49ed-b7ff-370c3828f80e	https://engineering.virginia.edu/about-our-school/community-outreach/emerging-engineers	403	https://engineering.virginia.edu/about-our-school/community-outreach/emerging-engineers	5918	0
a71a7c76-1635-4fff-8027-f9b4fd865549	https://precollege.emory.edu/programs/pre-college/index.html	200	https://precollege.emory.edu/programs/pre-college/index.html	23446	0
1d9d3901-b31f-44f8-9147-d6807b04ad3e	https://engineering.purdue.edu/CCE/Academics/Undergraduate/Courses/CE299-SummerHS	200	https://engineering.purdue.edu/CCE/Academics/Undergraduate/Courses/CE299-SummerHS	54704	0
76a53c74-ea3a-4951-84af-a3e108a62d2c	https://www.fordham.edu/media/home/schools/graduate-school-of-social-service/Dr.-Popescu-CV.pdf	200	https://www.fordham.edu/media/home/schools/graduate-school-of-social-service/Dr.-Popescu-CV.pdf	433323	0
a22bb8af-8c3d-49a3-948b-714a68aed263	https://www.fu-berlin.de/sites/sommeruni/index.html	200	https://www.fu-berlin.de/sites/sommeruni/index.html	32319	0
9f0bb452-86ff-4f7b-93fd-9e23298c2d3b	https://www.wpi.edu/academics/pre-collegiate/summer-programs/frontiers	200	https://www.wpi.edu/academics/pre-collegiate/summer-programs/frontiers	225104	0
c2fc9e38-bd26-4b88-bc86-f8d0f4eb4076	https://www.stern.nyu.edu/experience-stern/stern-life/community/high-school-community	200	https://www.stern.nyu.edu/experience-stern/stern-life/community/high-school-community	107316	0
053114c6-b049-4eab-b7e1-b081efe183c9	https://uwaterloo.ca/renison-international-programs/pre-university-and-pathway-programs	200	https://uwaterloo.ca/renison-international-programs/pre-university-and-pathway-programs	43392	0
b3e40e31-a82d-4a34-bceb-b841f20d7296	https://gsu.edu.tr/tr/lise-yaz-okulu	200	https://gsu.edu.tr/tr/lise-yaz-okulu	52935	0
a37fa810-d142-4c07-b272-b3d58a6e6ea5	https://www.stonybrook.edu/garcia/summer-program/	200	https://www.stonybrook.edu/garcia/summer-program/	34059	0
d83d7048-537b-4450-8dfa-69e709cdb48f	https://news.stonybrook.edu/community-outreach/garcia-research-scholar-program-nurtures-young-talent/	200	https://news.stonybrook.edu/community-outreach/garcia-research-scholar-program-nurtures-young-talent/	179895	0
aeeb130a-30f6-440f-867e-861cd723a6db	https://summer.gwu.edu/pre-college-2026	403	https://summer.gwu.edu/pre-college-2026	4543	0
a78975de-a35f-4030-b4fd-88a724b653ae	https://summer.georgetown.edu/programs/SHS18/medical-academy	200	https://summer.georgetown.edu/programs/SHS18/medical-academy/	303327	1
49fcb739-274c-416d-82d7-40b6a7797fdb	https://summer.georgetown.edu/	200	https://summer.georgetown.edu/	286266	0
51701db6-f571-4ee9-9387-045eed7bb7d4	https://expandedlearning.ceismc.gatech.edu/summer-programs/sessions/high-school	200	https://expandedlearning.ceismc.gatech.edu/summer-programs/sessions/high-school	32061	0
674f46f0-b71c-4d3a-bbff-20cfa9dcfdee	https://girlswhocode.com/	200	https://girlswhocode.com/	103017	0
df90d914-6d20-44f2-ae29-d195f629540a	https://globalachieversacademy.com/programme/	200	https://globalachieversacademy.com/programme/	71674	0
4f668b96-af7e-4595-a097-7447a230004c	https://cty.jhu.edu/cty-experience/courses	403	https://cty.jhu.edu/cty-experience/courses	5485	0
1da5f8df-9ea0-4a85-90ac-fa1539986611	https://www.neiu.edu/academics/programs/computer-science-bs	200	https://www.neiu.edu/academics/programs/computer-science-bs	105088	0
1fe1537e-87e1-46bd-93ef-e15705a83a87	https://hcssim.org/	200	https://hcssim.org/	131146	0
9b93f1ce-9114-4a2e-96b7-2823f6145d21	https://cure.dfhcc.harvard.edu/	000	https://cure.dfhcc.harvard.edu/	0	0
d3d5fc29-9bde-4c6e-9bc4-fb0e25593198	https://summer.harvard.edu/high-school-programs/secondary-school-program/	200	https://summer.harvard.edu/high-school-programs/secondary-school-program/	221208	0
66c76976-90e5-4637-8afe-6828992e838a	https://summer.harvard.edu/	200	https://summer.harvard.edu/	183971	0
8f6e438f-0465-4744-b09b-d4d8b3a82f97	https://www.hs-bremen.de/en/study/degree-programme/engineering-and-management-of-space-systems-msc/	200	https://www.hs-bremen.de/en/study/degree-programme/engineering-and-management-of-space-systems-msc/	206291	0
1d7aeeff-8ac6-417b-a257-46def5ec701f	https://admissions.hkbu.edu.hk/pdf/HKBU_Summer_Programmes_2024-ProgDescription.pdf	404	https://admissions.hkbu.edu.hk/pdf/HKBU_Summer_Programmes_2024-ProgDescription.pdf	196	0
f3cda419-64ae-4bac-bda9-3d1c6ccbbc37	https://join.hkust.edu.hk/ielite	200	https://join.hkust.edu.hk/ielite	136348	0
74bf3eb7-6f04-4dbb-9b71-9175287ed4b8	https://horizoninspires.com/	200	https://horizoninspires.com/	183254	0
7b6ebabf-dd0a-4da5-9155-381674f6d7f0	https://education.msu.edu/hshsp/	200	https://education.msu.edu/hshsp/	604050	0
1b636769-b88d-4c54-a270-79c3f68a044c	https://www.idtech.com/	200	https://www.idtech.com/	594519	0
e8f15ab0-0c65-4c33-8512-936dc76c2ac8	https://idyllwildarts.org/summer/	200	https://idyllwildarts.org/summer/	129718	0
5eff8569-58f3-48fd-89ba-a320725b6321	https://www.ie.edu/university/ieu-experience/pre-college-activities/jab/	200	https://www.ie.edu/university/ieu-experience/pre-college-activities/jab/	862426	0
41db8ceb-16ea-4215-adc0-7fb7b152649d	https://www.ie.edu/ie-summer-school/pre-university/pre-university-summer-program/	200	https://www.ie.edu/ie-summer-school/pre-university/pre-university-summer-program/	936452	0
f05643c5-88fa-477c-ac16-8de0b0b547bc	https://www.iit.edu/academics/elevate-college-prep/summer-programs	200	https://www.iit.edu/academics/elevate-college-prep/summer-programs	54916	0
7f90019e-05c7-4059-ae13-8e285ab3ea38	https://www.immerse.education/summer-schools/	200	https://www.immerse.education/summer-schools/	896174	0
f54d2f62-6335-4f19-a05f-f03c3e47bc40	https://www.inspiritaiprojects.com/healthcare-ai-research-for-high-school-students	200	https://www.inspiritaiprojects.com/healthcare-ai-research-for-high-school-students	365024	0
4c7f5a9f-79d0-42df-8343-fc6a4983fe8d	https://cty.jhu.edu/summer/grades7-12/carlisle/	403	https://cty.jhu.edu/summer/grades7-12/carlisle/	5485	0
437963fb-9002-4481-bd67-f40e9fc953f1	https://www.interlochen.org/art-summer-camp/high-school	200	https://www.interlochen.org/art-summer-camp/high-school	46362	0
09b42a46-cd61-4576-bc5a-565975c66d05	https://www.iri-nc.org/	200	https://www.iri-nc.org/	194918	0
8980e51b-9889-4cb0-a6dc-e11a60a59e51	https://insidetheperimeter.ca/perimeter-institutes-issyp-summer-program/	404	https://perimeterinstitute.ca/news//perimeter-institutes-issyp-summer-program/	68344	1
f52db280-638a-49ec-a972-d1658b046234	https://www.issos.com/	200	https://www.issos.com/	2448419	0
f3487103-c08f-4d56-8ec1-01f93a7eac94	https://iyws.program.uiowa.edu/	200	https://iyws.program.uiowa.edu/	60008	0
d780bc55-41e0-444b-8bcc-3f927b28c4b7	https://liseyazokulu.bilgi.edu.tr/tr/	200	https://liseyazokulu.bilgi.edu.tr/tr/	17208	0
83bbb28b-437b-4ab1-9a3d-45c23d061539	https://www.iperc.org/istarcourses	200	https://www.iperc.org/istarcourses	873193	0
973b3bdd-59c2-4e99-a76b-2006b365d63a	https://liseyazokulu.itu.edu.tr/	200	https://liseyazokulu.itu.edu.tr/	33968	0
6672d211-71e1-4667-b2eb-b266d4abc7b3	https://mim.itu.edu.tr/blog/2024/05/02/itu-tasarim-atolyesi-ituta-2024/	200	https://mim.itu.edu.tr/blog/2024/05/02/itu-tasarim-atolyesi-ituta-2024/	96409	0
eb956520-51c2-43d1-a57b-ec29dd664315	https://www.jax.org/education-and-learning/high-school-students-and-undergraduates/learn-earn-and-explore	200	https://www.jax.org/education-and-learning/high-school-students-and-undergraduates/learn-earn-and-explore	146549	0
cf169cf4-a589-4743-a70f-e1efd28fbcd2	https://www.johnlockeinstitute.com/	200	https://www.johnlockeinstitute.com/	911253	0
15237eb0-9ca5-4512-959d-584ec28e7e45	https://cty.jhu.edu/	403	https://cty.jhu.edu/	5485	0
6d3a439a-433e-4cce-b155-4dfd4cb53b48	https://ei.jhu.edu/programs/	403	https://ei.jhu.edu/programs/	5770	0
6bcef34b-bb53-427b-9907-0955d1862754	https://www.khas.edu.tr/kadir-has-universitesi-lise-kis-okulu-19-30-ocak-2026da-basliyor/	200	https://www.khas.edu.tr/kadir-has-universitesi-lise-kis-okulu-19-30-ocak-2026da-basliyor/	109496	0
ee5d3870-77a8-43e5-8800-8738f6318d5f	https://liseyazokulu.khas.edu.tr/	200	https://liseyazokulu.khas.edu.tr/	158251	0
1e907aad-2bd4-43e4-98c1-4d75b6413d7a	https://kclpure.kcl.ac.uk/portal/en/publications/representativeness-and-inclusivity-in-randomized-controlled-trial/	200	https://kclpure.kcl.ac.uk/portal/en/publications/representativeness-and-inclusivity-in-randomized-controlled-trial/	59660	0
f43ddfc3-a800-4a81-9e11-c3dba79b9d73	https://www.kcl.ac.uk/summer/summer-on-campus/pre-university-summer-school	200	https://www.kcl.ac.uk/summer/summer-on-campus/pre-university-summer-school	77512	0
c3a16d0e-55d1-4dd7-9c5e-d930a83b0460	https://www.acibadem.edu.tr/merkezler/asegem/egitim-programlari/akademik-gelisim-programlari/lise-kis-bilim-kampi	200	https://www.acibadem.edu.tr/merkezler/asegem/egitim-programlari/akademik-gelisim-programlari/lise-kis-bilim-kampi	784873	0
9c0e300e-0ebd-4444-a479-01a297473856	https://vprd.ku.edu.tr/kusrp-lise-programi-ozellikleri/	200	https://research.ku.edu.tr/tr/arastirma-destegi/vpri/	156115	3
152b3822-17ba-43a8-b6f8-5bae7da4be3e	https://www.ku.edu.tr/en/highschoolprograms/summer-academy/	200	https://www.ku.edu.tr/en/highschoolprograms/summer-academy/	276425	0
455e6fb3-7592-45d4-852a-602acd95bd81	https://www.kodewithklossy.com/	200	https://www.kodewithklossy.com/	1498413	0
19a535a4-7c1e-44bb-9a3b-2faeaa6e4c9e	https://wet.kuleuven.be/outreach/voor-scholen/summerofscience	200	https://wet.kuleuven.be/outreach/voor-scholen/summerofscience	35882	0
b5d022aa-302a-4712-b960-a5f70386af17	https://www.leangap.org/summer-program	200	https://www.leangap.org/summer-program	136048	0
d12506f1-d77e-49c2-9dc8-55fe610da9b0	https://global.lehigh.edu/	200	https://global.lehigh.edu/	59193	0
a7a89e1e-a9e3-4a8e-9850-789c609a769d	https://health.lehigh.edu/academics-programsgraduate-programs/graduate-admissions-recruitment-event-schedule	200	https://health.lehigh.edu/academics-programsgraduate-programs/graduate-admissions-recruitment-event-schedule	94604	0
2b09924c-c758-4375-b7b1-215009e50d8e	https://highschoolprograms.ku.edu.tr/lise-tip-okulu/	200	https://www.ku.edu.tr/highschoolprograms/lise-tip-okulu/	309383	1
0f466b31-5fc2-4722-8e61-1fd74187909e	https://www.lse.ac.uk/study-at-lse/summer-schools/summer-school	200	https://www.lse.ac.uk/study-at-lse/summer-schools/summer-school	110192	0
bc678344-c213-4ae8-a4f8-48af2856338f	https://www.lumiere-education.com/lumiere-programs	200	https://www.lumiere-education.com/lumiere-programs	914650	0
991e6bda-56b9-4b48-9a51-16e9f0ec7c38	https://maastricht.dreamapply.com/courses/search/id/48160-h41vq9	200	https://maastricht.dreamapply.com/courses/search	48558	1
7bc45aeb-e1fa-429e-a1ba-05959ec3fc6c	https://mathily.org/mathilyer/index.html	200	https://mathily.org/mathilyer/index.html	6334	0
ccc1ff13-8673-4ba0-95fc-17050eee4306	https://pshroff.wp.txstate.edu/curriculum-vitae/	200	https://pshroff.wp.txstate.edu/curriculum-vitae/	52249	0
f2e23349-5a79-4cb2-9bbd-ccefe334dbd7	https://bwsi.mit.edu/	200	https://bwsi.mit.edu/	135724	0
b87aba0b-755d-4802-a294-369db2acccd0	https://math.mit.edu/research/highschool/primes/	200	https://math.mit.edu/research/highschool/primes/	63697	0
b80369c3-76bd-47c4-9f9a-25f6503a3ff4	https://mites.mit.edu/	200	https://mites.mit.edu/	163060	0
216c88aa-8950-4f45-aea9-62939682be0a	https://ku.edu.tr/highschoolprograms/nanoteknoloji-ve-biyoteknoloji-kis-kampi/basvuru-sureci/	200	https://www.ku.edu.tr/	342868	1
907e279d-bc2f-46b0-b970-9ed9c0abb261	https://wp.nyu.edu/birdvox/news/	200	https://wp.nyu.edu/birdvox/news/	73548	0
dc0b92eb-5887-4163-8b71-1c3a4ab3bf80	https://pages.immerse.education/1-week-programmes-2025	200	https://pages.immerse.education/1-week-programmes-2025	173903	0
c0343703-0b64-48c1-91ce-1907c08a1909	https://www.ctd.northwestern.edu/3-week-academic-summer-camps	200	https://www.ctd.northwestern.edu/3-week-academic-summer-camps	217072	0
af30653c-94d1-4ce2-8781-b60e659d48ef	https://my.ctd.northwestern.edu/myctd/s/course-offerings	200	https://my.ctd.northwestern.edu/myctd/s/course-offerings	336420	0
2541b2e7-0782-4c88-be4a-d7be73c9e7c8	https://nhsi.northwestern.edu/	200	https://nhsi.northwestern.edu/	120724	0
60184ec3-449b-40ec-bd94-365c115ce612	https://www.nslcleaders.org/youth-leadership-programs/business-entrepreneurship/	200	https://www.nslcleaders.org/youth-leadership-programs/business-entrepreneurship/	217202	0
3318dba7-e099-4de2-83db-f27d6697f1be	https://precollege.sps.columbia.edu/programs/summer-programs/nyc-commuter-summer	200	https://precollege.sps.columbia.edu/programs/summer-programs/nyc-commuter-summer	103594	0
b0432a47-ba80-4de6-a121-11ab10495bcb	https://www.envisionexperience.com/explore-our-programs/national-youth-leadership-forum-medicine	200	https://www.envisionexperience.com/educational-experiences/national-youth-leadership-forum-medicine-and-health-care?program=MED	2709511	1
6d62d570-533a-49a4-9f86-aecf5e316b58	https://www.law.nyu.edu/news/student-spotlight-dylan-erikson	200	https://www.law.nyu.edu/news/student-spotlight-dylan-erikson	35365	0
01f020d2-e7c5-4a7d-8154-d9ac9329d8de	https://www.nyu.edu/admissions/high-school-and-middle-school-programs/high-school-programs/nyu-precollege.html	202	https://www.nyu.edu/admissions/high-school-and-middle-school-programs/high-school-programs/nyu-precollege.html	0	0
08ee973d-9dce-485e-b2f2-51deeb48c2ff	https://k12stem.engineering.nyu.edu/programs/ml	200	https://k12stem.engineering.nyu.edu/programs/ml	55090	0
0c8e00c1-b2b7-4039-8021-10a310de62e4	https://metusummerschool.org/	200	https://metusummerschool.org/	128594	0
d49e827f-c66b-4112-8161-92209a6545ae	https://oxbridgeprograms.com/	200	https://oxbridgeprograms.com/	604265	0
6f80e90f-7d85-4c93-b833-f47cbbf6b0c3	https://www.oxford-royale.com/oxford-summer-school	200	https://www.oxford-royale.com/oxford-summer-school	697436	0
7cfc009f-d826-44d8-9d14-d33ef3c1475c	https://www.ox.ac.uk/	403	https://www.ox.ac.uk/	5595	0
2080d194-88e9-4585-9a81-c99e9a19840b	https://www.oxfordscholastica.com/oxford-summer-school/	200	https://www.oxfordscholastica.com/oxford-summer-school/	537283	0
78c7c178-d6dd-4d50-a76f-b44ebd603784	https://liseyazokulu.ozyegin.edu.tr/	200	https://liseyazokulu.ozyegin.edu.tr/	196605	0
9d4f568b-f14b-4925-bf79-753088583ffe	https://algorithmicthinking.org/	200	https://algorithmicthinking.org/	9113	0
692aaffc-b50c-4b9d-a91d-8769a7a46e5c	https://www.newschool.edu/parsons/youth-teen-summer-ny/	200	https://www.newschool.edu/parsons/youth-teen-summer-ny/	252867	0
511a9497-145a-4725-a77e-31f50a4f920d	https://www.pennmedicine.org/news/from-high-school-to-the-hospital	200	https://www.pennmedicine.org/news/from-high-school-to-the-hospital	212	0
f70c6987-d11c-4f0c-87f2-1c11e5dee491	https://hs.sas.upenn.edu/summer-programs/pre-college-program	200	https://hs.sas.upenn.edu/summer-programs/pre-college-program	46090	0
7761f771-fd60-48d8-a51f-152349051747	https://exeter.edu/exeter-summer/how-apply-exeter-summer	404	https://exeter.edu/exeter-summer/how-apply-exeter-summer	79040	0
f069afec-005f-43a8-82f2-6869785ad6f1	https://exeter.edu/admissions/	200	https://exeter.edu/admissions/	102821	0
0337369f-bb69-47e5-aa82-d4a0e92a674b	https://www.polygence.org/	200	https://www.polygence.org/	321552	0
bbb81017-3570-4a13-8e82-e4bf612b3436	https://globalyouth.wharton.upenn.edu/pre-baccalaureate-program/	200	https://globalyouth.wharton.upenn.edu/pre-baccalaureate-program/	323243	0
3c4cbeb7-b625-45d0-a0b9-f34df979a3d8	https://events.ie.edu/event/study-your-bachelor-at-ie-20260108143530	200	https://events.ie.edu/event/study-your-bachelor-at-ie-20260108143530	42262	0
9f1b802e-cbc1-4af2-98f1-ffddfa06140b	https://summer.uchicago.edu/pre-college/	200	https://summer.uchicago.edu/pre-college/	426011	0
fd51d7f8-1408-4d58-9558-47520758df3d	https://www.ringling.edu/academics/precollege/	403	https://www.ringling.edu/academics/precollege/	103	0
1e0f59bd-2a96-4744-b5fd-90a9c0ba5801	https://premedprojects.co.uk/	200	https://www.premedprojects.co.uk/	151524	1
6a56a106-64c3-40c3-a58c-563cc9b6ec69	https://promys.org/	200	https://promys.org/	159012	0
16d56c3b-376b-4cf6-b8b1-12daaecf0068	https://www.purdue.edu/	200	https://www.purdue.edu/	150291	0
ea0a2569-e027-4d7c-b9b7-a858fb1359a8	https://summer.uchicago.edu/programs/research-biological-sciences-ribs	200	https://summer.uchicago.edu/courses/research-in-the-biological-sciences/	431455	1
8296f39c-93da-48ab-acc5-af023b14f347	https://summer.ucsb.edu/programs/research-mentorship-program/overview	200	https://summer.ucsb.edu/programs/research-mentorship-program/overview	77807	0
2116709f-e222-43c7-95e0-f801053f8f2e	https://research.ku.edu.tr/research-outreach/summer-research/kusrp/2026-highschool-projects/	200	https://research.ku.edu.tr/research-outreach/summer-research/kusrp/2026-highschool-projects/	244004	0
5a583dbf-eca9-4219-b306-463f9704cf04	https://precollege.risd.edu/on-campus	200	https://precollege.risd.edu/on-campus	143181	0
0cb2bd7c-9a36-44c5-9bbf-ecb9cbe586f4	https://precollege.risd.edu/	200	https://precollege.risd.edu/	113792	0
1e54b150-ceb2-4c22-92b9-a0d93fc34df6	https://www.bu.edu/summer/high-school-programs/rise-internship-practicum/	200	https://www.bu.edu/summer/high-school-programs/rise-internship-practicum/	113443	0
69be38ed-9d26-46e3-aaf1-4819fa83f6ca	https://www.robomaster.com/en-US/campus/highSchool	200	https://www.robomaster.com/en-US/campus/highSchool	260799	0
e0d9379f-294b-40cd-a406-e0cb08c92567	https://rossprogram.org/	200	https://rossprogram.org/	69315	0
b2246380-2d25-4712-8ee2-cf67cdd349ca	https://cee.org/research-science-institute	200	https://www.cee.org/programs/research-science-institute	99465	3
de238902-ec8c-469b-921f-5aab113df647	https://www.math.rutgers.edu/academics/outreach-activities/2259-rutgers-young-scholars-program-in-discrete-mathematics-2	200	https://www.math.rutgers.edu/academics/outreach-activities/2259-rutgers-young-scholars-program-in-discrete-mathematics-2	51015	0
4db17042-5487-4090-9212-0d7243acaa26	https://sunum.sabanciuniv.edu/uploads/egitim/sunum-sabanci-universitesi-nanoteknoloji-arastirma-ve-uygulama-merkezinde-lise-ogrencileri-icin-nanoteknoloji-kis-okulu-basliyor-program.pdf	200	https://sunum.sabanciuniv.edu/uploads/egitim/sunum-sabanci-universitesi-nanoteknoloji-arastirma-ve-uygulama-merkezinde-lise-ogrencileri-icin-nanoteknoloji-kis-okulu-basliyor-program.pdf	194677	0
1d4f5e60-8fe3-4b1a-a7d6-acb29b124e3c	https://liseyazokulu.sabanciuniv.edu/	200	https://liseyazokulu.sabanciuniv.edu/	31986	0
aaf5b259-4e72-4cba-85a9-43be675384aa	https://liseyazokulu.sabanciuniv.edu/okul/lise-yaz-okulu	200	https://liseyazokulu.sabanciuniv.edu/okul/lise-yaz-okulu	23624	0
07504254-9004-4983-b149-4f783a1c32b8	https://saic.edu/high-school-programs	200	https://www.saic.edu/high-school-programs	151812	1
32b43654-2a63-4135-a91a-b492d1f8b3dc	https://www.sciencespo.fr/summer-school/en/	200	https://www.sciencespo.fr/summer-school/en/	378336	0
418217ec-65af-494a-bf4f-370c0b6f070c	https://belinblank.education.uiowa.edu/students/sstp/	200	https://belinblank.education.uiowa.edu/students/sstp/	56008	0
a17202b1-b8da-4ed4-8cf7-ee0506d01653	https://www.sevenoakssummerprogramme.co.uk/	200	https://www.sevenoakssummerprogramme.co.uk/	138621	0
fd6c9cf1-b112-478a-8b4f-57989368abaa	https://www.stonybrook.edu/simons/	200	https://www.stonybrook.edu/simons/	25066	0
c94e9b5e-41ad-4af6-844b-d780d9f2f9f4	https://lettres.sorbonne-universite.fr/en/academics/sorbonne-summer-university	200	https://lettres.sorbonne-universite.fr/en/academics/sorbonne-summer-university	87386	0
dc08474d-8363-4125-b94e-33460354903e	https://physics.stanford.edu/about/inclusion/spinwip	200	https://physics.stanford.edu/about/inclusion/spinwip	89236	0
3533791e-62a7-49b7-a983-469a8a1c2514	https://belinblank.education.uiowa.edu/students/sstp/	200	https://belinblank.education.uiowa.edu/students/sstp/	56008	0
2f842782-c122-48cf-a7ba-d5a34525c57c	https://med.stanford.edu/anesthesia/education/SASI.html	200	https://med.stanford.edu/anesthesia/education/SASI.html	329900	0
8f0a8a3f-6c12-4277-91ca-7d120222b231	https://simr.stanford.edu/	200	https://simr.stanford.edu/	77069	0
24495501-f909-493f-a6ba-06633b184fcf	https://summerinstitutes.spcs.stanford.edu/	200	https://summerinstitutes.spcs.stanford.edu/	36844	0
cb2e1b38-c154-4cc7-9186-bb1aa4e724a7	https://summerhumanities.spcs.stanford.edu/	200	https://summerhumanities.spcs.stanford.edu/	44607	0
c6b985f9-1a40-4e8a-a2fb-63408263e66e	https://stanleyprep.com/united-nations-advanced-training/	200	https://stanleyprep.com/united-nations-advanced-training/	701990	0
142a6597-6083-45ba-b9ea-6b92e4a2ab55	https://www.cpet.ufl.edu/students/uf-cpet-summer-programs/student-science-training-program/	200	https://www.cpet.ufl.edu/students/summer-programs//student-science-training-program/	76798	1
5321ed43-ac5b-4a66-841c-c84a598a67cc	https://sumac.spcs.stanford.edu/	200	https://sumac.spcs.stanford.edu/	54746	0
ccd1cf71-219d-4ee2-b6c3-47903972f7cf	https://summer.stanford.edu/students/high-school	200	https://summer.stanford.edu/students/high-school	166659	0
868d4a6f-855d-48c9-b55d-3dd831178135	https://www.summerdiscovery.com/	200	https://www.summerdiscovery.com/	401494	0
e03e1172-cc32-4c92-8eff-668cd6ea6fe7	https://www.hasdhawks.org/o/hahs/page/summer-advanced-programs	200	https://www.hasdhawks.org/o/hahs/page/summer-advanced-programs	3038	0
b10444c7-6c36-463c-b240-3b48025a74b6	https://www.summerschoolsineurope.eu/courses/?_course_country=netherlands	403	https://www.summerschoolsineurope.eu/courses/?_course_country=netherlands	103	0
ae174625-5ad8-41b7-9c9a-7f00710c168a	https://ssp.org/	200	https://ssp.org/	110146	0
a29d4ef0-735f-4281-b486-51c1450077eb	https://www.rockefeller.edu/outreach/ssrp/	000	https://www.rockefeller.edu/outreach/ssrp/	0	0
47bc163d-65b1-4e72-94bd-ffc7fabe8a20	https://precollege.brown.edu/programs/summerbrown	200	https://precollege.brown.edu/programs/summerbrown	119543	0
27213610-1b19-4e85-b52a-50e165607159	https://www.suttontrust.com/our-programmes/uk-summer-schools/	200	https://www.suttontrust.com/our-programmes/uk-summer-schools/	117676	0
58d2e707-2c9b-45a2-860a-02acaa1f3c53	https://techgirlsglobal.org/apply/	200	https://techgirlsglobal.org/apply/	96158	0
69b63aaa-2a5d-40d8-940c-b2dcbd2fbf1c	https://tellurideassociation.org/tass/	200	https://tellurideassociation.org/tass/	92589	0
416cc004-5687-4e9f-913e-7be55e697b93	https://exst.umd.edu/pre-college-programs/terp-young-scholars	200	https://exst.umd.edu/pre-college-programs/terp-young-scholars	26016	0
255377bc-7564-452d-96e5-b25fb6902aa0	https://www.polyu.edu.hk/study/pg	200	https://www.polyu.edu.hk/study/pg	74051	0
382cab93-7abd-4d0b-b7f8-d566395c056a	https://juilliard.edu/school/preparatory-division/juilliard-pre-college	403	https://juilliard.edu/school/preparatory-division/juilliard-pre-college	5828	0
c581e99a-c65f-4de2-bece-bbb34819c9a4	https://pioneeracademics.com/news/is-pioneer-academics-worth-it-review-of-former-research-scholar/	200	https://pioneeracademics.com/news/is-pioneer-academics-worth-it-review-of-former-research-scholar/	109711	0
2bbea7da-09bb-4eca-b46b-c3b5363e3b92	https://www.rockefeller.edu/outreach/ssrp/	000	https://www.rockefeller.edu/outreach/ssrp/	0	0
8e5c10af-aebb-449c-9811-fed9dcc14039	https://techcamp.polimi.it/en/	200	https://techcamp.polimi.it/en/	159689	0
12d06ccb-6b51-4ea2-8a9e-7c326fa97514	https://www.bentley.edu/precollege/courses/wall-street-101	200	https://www.bentley.edu/precollege/courses/wall-street-101	64559	0
910ec94d-6cae-461b-ba0c-fd06a341245c	https://hsgs.edu.vn/thong-tin-huu-ich/danh-cho-hoc-sinh/su-kien-du-hoc-huong-nghiep/2259-webinar-on-hkbu-summer-programmes-for-high-school-students-2026	200	https://hsgs.edu.vn/thong-tin-huu-ich/danh-cho-hoc-sinh/su-kien-du-hoc-huong-nghiep/2259-webinar-on-hkbu-summer-programmes-for-high-school-students-2026	23611	0
d50285d3-87ea-4f9e-a557-92b2af314c9a	https://tisch.nyu.edu/special-programs/high-school-programs/tisch-summer-high-school.html	200	https://tisch.nyu.edu/special-programs/high-school-programs/tisch-summer-high-school.html	73575	0
f8fc69c2-e48f-48d1-9a5f-6323a7c10e34	https://www.tcd.ie/	200	https://www.tcd.ie/	25775	0
52a60b8e-7ac5-4258-b91f-09a34b9ad35d	https://universitycollege.tufts.edu/pre-college/browse/tufts-college-experience	403	https://universitycollege.tufts.edu/pre-college/browse/tufts-college-experience	94578	0
310c976c-1a0f-4566-8df2-2e186c898804	https://universitycollege.tufts.edu/pre-college	200	https://universitycollege.tufts.edu/pre-college	192214	0
f9421944-556f-46ed-b748-cfdce8ed8cf7	https://summer.tulane.edu/admissions	200	https://summer.tulane.edu/admissions	88030	0
889c580c-dbb6-4490-9078-9faf2a2a2ed0	https://precollege.dcie.miami.edu/summer-programs/academies/index.html	200	https://precollege.dcie.miami.edu/summer-programs/academies/index.html	114797	0
7a2a2aea-af5f-4e06-ba12-104f08df7b8c	https://haas.berkeley.edu/business-academy/	200	https://haas.berkeley.edu/business-academy/	109154	0
10a944b3-26de-4bcc-a408-baa5b57e6c81	https://extendedstudies.ucsd.edu/educational-programs/futures-programs	200	https://extendedstudies.ucsd.edu/educational-programs/futures-programs	91378	0
89117ca8-52f4-41fb-8674-dd23998e7281	https://summer.uchicago.edu/courses/pathways-in-economics/	200	https://summer.uchicago.edu/courses/pathways-in-economics/	431120	0
eaabbbee-17f6-4142-b9b4-a49bfa87fa7b	https://www.ucl.ac.uk/bartlett/architecture/study/short-courses/bartlett-summer-schools-2026	200	https://www.ucl.ac.uk/bartlett/architecture/study/short-courses/bartlett-summer-schools-2026	119460	0
647eb8da-9cb8-46d4-8ded-b4c516f7ac90	https://www.summer.ucsb.edu/programs/research-mentorship-program/overview	200	https://www.summer.ucsb.edu/programs/research-mentorship-program/overview	77811	0
f9b261e6-69fb-4c1e-b7f9-ec9870ba79ac	https://www.unihive.education/research-programme	200	https://www.unihive.education/research-programme	1068673	0
fd105724-26cf-448f-a595-15b3db2d7f8d	https://www.unav.edu/web/unicc/competition	200	https://www.unav.edu/web/unicc/competition	179639	0
0f7a1ef0-004a-4ce8-88a1-7161dbb6bc48	https://www.heia-fr.ch/en/applied-research/institutes/chemtech/	200	https://www.heia-fr.ch/en/applied-research/institutes/chemtech/	68113	0
bb519c8f-71f8-4e89-83e2-3b7e7a7ebf1f	https://bath.ac.uk/campaigns/international-summer-school/	200	https://www.bath.ac.uk/campaigns/international-summer-school/	79750	1
be12bb93-9943-4cec-9e15-d0d36afff2ea	https://www.bath.ac.uk/campaigns/step-into-bath/	200	https://www.bath.ac.uk/campaigns/step-into-bath/	68328	0
ce7d618b-debf-4508-87e1-f6905540bf8d	https://summer.ucsb.edu/index.php/programs/pre-college	200	https://summer.ucsb.edu/index.php/programs/pre-college	74075	0
16ab0b91-6ecd-463a-a0bf-85f9376c67a9	https://summer.uchicago.edu/international-students/	200	https://summer.uchicago.edu/international-students/	424796	0
30436a92-26fd-4972-a8b3-dce8ad454943	https://col.ed.ac.uk/our-programmes	200	https://col.ed.ac.uk/our-programmes	59094	0
9b013735-8ae8-4175-8861-6022b3aaf9ce	https://experts.exeter.ac.uk/35701-fatima-naveed	200	https://experts.exeter.ac.uk/35701-fatima-naveed	2121	0
14db7109-25fd-4cd9-bb70-73797588bec8	https://www.summerschoolsineurope.eu/destination/maastricht-summer-school/	403	https://www.summerschoolsineurope.eu/destination/maastricht-summer-school/	103	0
1228cff1-265d-4cc2-aa49-95b1f3408250	https://precollege.dcie.miami.edu/summer-programs/academies/index.html	200	https://precollege.dcie.miami.edu/summer-programs/academies/index.html	114797	0
445f2003-1b9c-4cc9-bc63-22e65e7d8f85	https://precollege.nd.edu/summer-scholars/	200	https://precollege.nd.edu/summer-scholars/	36096	0
0009f66d-9231-4dbd-938f-9eb1c9319309	https://esap.engineering.upenn.edu/courses/	200	https://esap.engineering.upenn.edu/courses/	74725	0
4a54159a-58dd-4304-a139-2b76f2a9fe38	https://precollege.usc.edu/summer-programs/	200	https://precollege.usc.edu/summer-programs/	187485	0
0a316853-6d11-4270-826a-1f8fbf896114	https://www.st-andrews.ac.uk/study/part-time/summer-courses/academic-experience/	200	https://www.st-andrews.ac.uk/study/part-time/summer-courses/academic-experience/	33829	0
e0960bef-227f-4360-ad8f-d910e5e8dc2b	https://research-portal.st-andrews.ac.uk/en/persons/zainab-teraif/	200	https://research-portal.st-andrews.ac.uk/en/persons/zainab-teraif/	103134	0
ae5e73f0-43ba-42be-baed-423d3087e7e1	https://www.arts.ac.uk/study-at-ual/short-courses/summer-short-courses	403	https://www.arts.ac.uk/study-at-ual/short-courses/summer-short-courses	5823	0
018f5962-6e43-4941-af90-ead024ebf8f3	https://future.utoronto.ca/high-school-enrichment-programs	200	https://future.utoronto.ca/high-school-enrichment-programs	113707	0
7dabbd20-f678-49a3-9cae-5d6e0eb5fbde	https://precollege.usc.edu/articles/join-our-usc-summer-programs-2026-info-sessions/	200	https://precollege.usc.edu/articles/join-our-usc-summer-programs-2026-info-sessions/	149235	0
c0a4433d-2d13-450c-a568-67f2e5aa84a2	https://womeninstem.utexas.edu/high-school-camps/	200	https://womeninstem.utexas.edu/high-school-camps/	120998	0
a073efce-71aa-43a7-b218-3251973e5d0c	https://uwc.org/short-courses/	200	https://uwc.org/short-courses/	323192	0
97fa39ad-8c65-4603-a07d-c88fe22982ef	https://uwc.org/	200	https://uwc.org/	461722	0
dc4343ec-4856-483f-a3b0-7e0de9e38a09	https://www.acibadem.edu.tr/merkezler/asegem/egitim-programlari/akademik-gelisim-programlari/lise-molekuler-biyoloji-ve-genetik-kis-kampi	200	https://www.acibadem.edu.tr/merkezler/asegem/egitim-programlari/akademik-gelisim-programlari/lise-molekuler-biyoloji-ve-genetik-kis-kampi	790068	0
b23c2cf0-3c44-40f8-8b0b-67315a066c9f	https://pty.vanderbilt.edu/precollege-programs/	200	https://pty.vanderbilt.edu/precollege-programs/	129896	0
d1c24acc-a289-459f-a476-110a731e2eb8	https://www.vtsp.com/	200	https://www.vtsp.com/	720355	0
53ae13de-cbc9-443f-b668-5b557d9a1290	http://vesalius.edu/innovative-entrepreneurship-summer-school/	404	https://www.brussels-school.be/vecoinnovative-entrepreneurship-summer-school/	25388	1
ff5d9710-80d3-47ae-959a-b8b40406f003	https://warwick.ac.uk/study/summer-with-warwick/pre-university-summer-school/	200	https://warwick.ac.uk/study/summer-with-warwick/pre-university-summer-school/	41991	0
d38255f3-6ce2-440c-b302-c39ee6b17cde	https://collegeprep.washu.edu/	200	https://collegeprep.washu.edu/	106074	0
fad2bef3-80e8-4b7e-a4a5-f7021f34767f	https://globalyouth.wharton.upenn.edu/application-information/	200	https://globalyouth.wharton.upenn.edu/application-information/	352311	0
99acaf0b-1b1f-4fc1-bb34-69a729a01d0f	https://globalyouth.wharton.upenn.edu/programs-courses/future-of-the-business-world/	200	https://globalyouth.wharton.upenn.edu/programs-courses/future-of-the-business-world/	341746	0
c033f1e9-4642-4a5a-94da-739efadff477	https://globalyouth.wharton.upenn.edu/programs-courses/leadership-in-the-business-world/	200	https://globalyouth.wharton.upenn.edu/programs-courses/leadership-in-the-business-world/	322760	0
56ca6900-4a53-4fb3-9158-90b1bdce7a80	https://fisher.wharton.upenn.edu/management-technology-summer-institute/	200	https://fisher.wharton.upenn.edu/management-technology-summer-institute/	106622	0
c35f002c-a4b2-4965-b07f-ba775eb0e31e	https://wsb.wharton.upenn.edu/wharton-data-competition/	200	https://wsb.wharton.upenn.edu/wharton-data-competition/	162812	0
483c0af4-92e1-4599-a4e9-8ac6eec69a57	https://www.biltur.com/programlar/discovery-summer-winchester-college/	200	https://www.biltur.com/programlar/discovery-summer-winchester-college/	437318	0
dfd08c03-75c6-4bc2-b087-70c58c64db2a	https://woodstockschool.in/summer/	200	https://www.woodstockschool.in/summer/	102336	1
22fb607f-3aab-4320-a737-3531d0b96702	https://wyse.grainger.illinois.edu/	200	https://wyse.grainger.illinois.edu/	29499	0
9f611eed-7787-4d26-b1a5-7c9cda0439aa	https://xlab-goettingen.de/en/	200	https://xlab-goettingen.de/en/	65879	0
c3a98c43-dcfb-42cc-a23f-02a8a8154358	https://globalscholars.yale.edu/	200	https://globalscholars.yale.edu/	44296	0
87f773f9-c7d2-4233-8061-7002e272df7c	http://helix.science.yorku.ca/	200	https://www.yorku.ca/science/youth-programs/	96461	2
269c4d5e-bb27-4897-bfb8-9779fef57ee6	https://www.ladderinternships.com/ladder-internships-blog/young-founders-program-lab-our-review	200	https://www.ladderinternships.com/ladder-internships-blog/young-founders-program-lab-our-review	156171	0
